key,source,target,rate,transaction-moment
currency-exchange-01,EUR,USD,1.084787,2022/04/21 16:00
currency-exchange-02,EUR,GBP,0.833387,2022/04/22 16:00
currency-exchange-03,GBP,EUR,1.199923,2022/04/22 16:00
currency-exchange-04,GBP,USD,1.30166,2022/04/22 16:00
currency-exchange-05,USD,EUR,0.92184,2022/04/22 16:00
currency-exchange-06,USD,GBP,0.76825,2022/04/22 16:00
currency-exchange-07,EUR,EUR,1.00000,2022/04/21 16:00
currency-exchange-08,USD,USD,1.00000,2022/04/21 16:00
currency-exchange-09,GBP,GBP,1.00000,2022/04/21 16:00
